"";"X";"text";"favorited";"favoriteCount";"replyToSN";"created";"truncated";"replyToSID";"id";"replyToUID";"statusSource";"screenName";"retweetCount";"isRetweet";"retweeted";"longitude";"latitude";"texto"
"1";1;"RT ";FALSE;0;NA;"2019-02-20 02:01:37";FALSE;NA;1098039940548644864;NA;"<a href=""http://twitter.com/download/iphone"" rel=""nofollow"">Twitter for iPhone</a>";"ThiagoChiquitaa";2;TRUE;FALSE;NA;NA;"RT "
"2";3;"Compartilhando as projeções para 20 02 2019 para Ibovespa  VALE3 e PETR4  ";FALSE;0;NA;"2019-02-20 01:34:57";FALSE;NA;1098033232354963456;NA;"<a href=""https://mobile.twitter.com"" rel=""nofollow"">Twitter Web App</a>";"upsidepredictor";0;FALSE;FALSE;NA;NA;"Sharing the proje<U+FFFD><U+FFFD>s for 20 02 2019 for Ibovespa VALE3 and PETR4 "
"3";5;"Em 3 meses a ";FALSE;1;NA;"2019-02-20 00:08:57";FALSE;NA;1098011588379009024;NA;"<a href=""http://twitter.com/download/android"" rel=""nofollow"">Twitter for Android</a>";"carambaflavio";0;FALSE;FALSE;NA;NA;"In 3 months "
"4";7;"PetrÃ³leo Brasileiro S A    Petrobras $PETR4 Moved Up 2 32  on Feb 19 ";FALSE;0;NA;"2019-02-19 23:48:51";FALSE;NA;1098006529255620608;NA;"<a href=""https://reurope.com/"" rel=""nofollow"">REurope</a>";"reurope_stock";0;FALSE;FALSE;NA;NA;"Petróleo Brasileiro S A Petrobras $PETR4 Moved Up 2 to 32 on Feb 19 "
"5";9;"Gráfico diário ";FALSE;0;NA;"2019-02-19 22:15:04";FALSE;NA;1097982929047834624;NA;"<a href=""https://ifttt.com"" rel=""nofollow"">IFTTT</a>";"pardoTRADER";0;FALSE;FALSE;NA;NA;"Gr<U+FFFD>fico di<U+FFFD>river "
"6";10;" 2  PETR4 fechou em alta de +2 32  aos RS 27 38  próximo ao ponto de predição 13 que estimou RS 27 37 ou +2 28   Até a próxima ";FALSE;1;"upsidepredictor";"2019-02-19 22:03:12";FALSE;1097979940207759360;1097979942992859136;941426019692695552;"<a href=""https://mobile.twitter.com"" rel=""nofollow"">Twitter Web App</a>";"upsidepredictor";0;FALSE;FALSE;NA;NA;" 2 PETR4 closed higher by 2 32 to RS 27 38 pr<U+FFFD>the ml to the point of predi<U+FFFD><U+FFFD>the 13 that estimated RS 27 37 or 2 28 At<U+FFFD> the pr<U+FFFD>the maximum "
"7";11;"PETR4 fortissima no leilão  Fechou em R$27 38   coladinho na máxima";FALSE;5;NA;"2019-02-19 21:15:11";FALSE;NA;1097967860780019712;NA;"<a href=""https://about.twitter.com/products/tweetdeck"" rel=""nofollow"">TweetDeck</a>";"DaviPeixoto";0;FALSE;FALSE;NA;NA;"PETR4 very strong in the leil<U+FFFD>Closed at R$27 38 coladinho in m<U+FFFD>the maximum"
"8";13;"CARACA       Que leilão foi esse da PETR4        <U+0001F631><U+0001F631><U+0001F631>";FALSE;27;NA;"2019-02-19 21:10:46";FALSE;NA;1097966746164707328;NA;"<a href=""http://twitter.com/download/iphone"" rel=""nofollow"">Twitter for iPhone</a>";"clubedopairico";2;FALSE;FALSE;NA;NA;"WOW What a leil<U+FFFD>the was this of PETR4 <U 0001F631><U 0001F631><U 0001F631>"
"9";14;"Ranking Parcial dos 10 melhores Robôs de hoje ";FALSE;0;NA;"2019-02-19 20:01:59";FALSE;NA;1097949438201466880;NA;"<a href=""http://twitter.com"" rel=""nofollow"">Twitter Web Client</a>";"TraderGrafico";0;FALSE;FALSE;NA;NA;"The Ranking part of the 10 best Rob<U+FFFD>s today "
"10";16;"Abertura de operação  19 02 19    trava de baixa      v  petrc270   R$ 1 61  c  petrc279   R$ 1 02              spr  ";FALSE;0;NA;"2019-02-19 18:49:10";TRUE;NA;1097931114495262720;NA;"<a href=""https://about.twitter.com/products/tweetdeck"" rel=""nofollow"">TweetDeck</a>";"4nc_sec";0;FALSE;FALSE;NA;NA;"Opening opera<U+FFFD><U+FFFD>19 02 19 hangs low v petrc270 R$ 1 61 c petrc279 R$ 1 02 spr "
"11";17;"Cessão onerosa a caminho  Petr4";FALSE;0;NA;"2019-02-19 16:55:41";FALSE;NA;1097902553914847232;NA;"<a href=""http://twitter.com/download/iphone"" rel=""nofollow"">Twitter for iPhone</a>";"NATUSDDT";0;FALSE;FALSE;NA;NA;"Cess<U+FFFD>the onerous path Petr4"
"12";21;"Atualização ";FALSE;1;NA;"2019-02-19 15:48:54";FALSE;NA;1097885747984650240;NA;"<a href=""http://twitter.com/download/android"" rel=""nofollow"">Twitter for Android</a>";"BR_Investing";0;FALSE;FALSE;NA;NA;"Updates<U+FFFD><U+FFFD>the "
"13";23;"PETR4 abriu oportunidade de compra  ";FALSE;0;NA;"2019-02-19 15:43:48";FALSE;NA;1097884463441346560;NA;"<a href=""http://twitter.com"" rel=""nofollow"">Twitter Web Client</a>";"ivanbetto";0;FALSE;FALSE;NA;NA;"PETR4 opened buying opportunity "
"14";24;"O que foi isso com ";FALSE;0;NA;"2019-02-19 15:33:11";FALSE;NA;1097881789945794560;NA;"<a href=""https://mobile.twitter.com"" rel=""nofollow"">Twitter Web App</a>";"f1_daniela";0;FALSE;FALSE;NA;NA;"What was that with "
"15";25;"Cotação Petróleo $PBR ";FALSE;0;NA;"2019-02-19 15:30:10";FALSE;NA;1097881034690056192;NA;"<a href=""https://ifttt.com"" rel=""nofollow"">IFTTT</a>";"pardoTRADER";0;FALSE;FALSE;NA;NA;"Quota<U+FFFD><U+FFFD>Petr<U+FFFD>leo $PBR "
"16";28;"Radar  manhã    IBOV  WINJ19  WDOH19  PETR4  VALE3 e destaques | 19 2 19    ";FALSE;0;NA;"2019-02-19 14:50:21";FALSE;NA;1097871013461835776;NA;"<a href=""http://twitter.com"" rel=""nofollow"">Twitter Web Client</a>";"AteoUltimoGain";0;FALSE;FALSE;NA;NA;"Radar manh<U+FFFD> IBOV WINJ19 WDOH19 PETR4 VALE3 and highlights | 19 2 19 "
"17";29;"de olho nessa briga dos R$27 00 da PETR4  ";FALSE;1;NA;"2019-02-19 14:05:50";FALSE;NA;1097859810446491648;NA;"<a href=""https://about.twitter.com/products/tweetdeck"" rel=""nofollow"">TweetDeck</a>";"clubedopairico";0;FALSE;FALSE;NA;NA;"eye on this fight of R$27 00 PETR4 "
"18";31;"Prepare se para o pregão de hoje  Análise   IBOV  WINJ19  WDOH19  PETR4  VALE3  ITUB4  GOLL4  NATU3  BRFS3  ELET3 e  ";FALSE;2;NA;"2019-02-19 11:40:09";TRUE;NA;1097823145313165312;NA;"<a href=""https://www.hootsuite.com"" rel=""nofollow"">Hootsuite Inc.</a>";"daltonvieira";0;FALSE;FALSE;NA;NA;"Get ready for the carbonaceous<U+FFFD>today An<U+FFFD>lysis IBOV WINJ19 WDOH19 PETR4 VALE3 ITUB4 GOLL4 NATU3 BRFS3 ELET3 and "
"19";33;"Morning call <U+2622><U+FE0F>  <U+2705> Minério de ferro  Dalian   xxxxx <U+2705> Oil BRENT  +0 96  <U+274C> Oil WTI   0 14   <U+0001F30E> Exterior   <U+0001F961> Asia  <U+2197><U+FE0F>  ";FALSE;0;NA;"2019-02-19 11:15:16";TRUE;NA;1097816885356306432;NA;"<a href=""http://twitter.com/download/android"" rel=""nofollow"">Twitter for Android</a>";"BR_Investing";0;FALSE;FALSE;NA;NA;"Morning call <U 2622><U FE0F> <U 2705> Min<U+FFFD>river iron Dalian xxxxx <U 2705> Oil BRENT 0 96 <U 274C> Oil WTI 0 14 <U 0001F30E> Outer <U 0001F961> Asia <U 2197><U FE0F> "
"20";37;"Projeções curtas para 19 02 2019 para Ibovespa  VALE3 e PETR4  Vamos acompanhar  ";FALSE;2;NA;"2019-02-19 01:13:47";FALSE;NA;1097665516334956544;NA;"<a href=""https://mobile.twitter.com"" rel=""nofollow"">Twitter Web App</a>";"upsidepredictor";0;FALSE;FALSE;NA;NA;"Proje<U+FFFD><U+FFFD>es short for 19 02 2019 for Ibovespa VALE3 and PETR4 We will follow "
"21";40;"Radar  manhã    IBOV  WINJ19  WDOH19  PETR4  VALE3 e destaques | 18 2 19    ";FALSE;0;NA;"2019-02-18 22:36:46";FALSE;NA;1097626003457933312;NA;"<a href=""http://twitter.com"" rel=""nofollow"">Twitter Web Client</a>";"LuisAntnioMati1";0;FALSE;FALSE;NA;NA;"Radar manh<U+FFFD> IBOV WINJ19 WDOH19 PETR4 VALE3 and highlights | 18 2 19 "
"22";45;"PETR4 fechou em baixa de  0 30  aos 26 76  se aproximando da projeção de baixos volumes  ponto 2 que projetava 26 80 com  0 15   Até mais ";FALSE;0;"upsidepredictor";"2019-02-18 21:42:52";FALSE;1097194933096771584;1097612439779229696;941426019692695552;"<a href=""http://twitter.com"" rel=""nofollow"">Twitter Web Client</a>";"upsidepredictor";0;FALSE;FALSE;NA;NA;"PETR4 closed at a low of 0 30 26 76 approaching the proje<U+FFFD><U+FFFD>the low volumes the point 2 that projected 26 80 0 15 At<U+FFFD> more "
"23";49;"Circula a informação que foi oferecido a Bebianno a direção de Itaipu  e que lhe foi oferecida a embaixada em Roma   ";FALSE;0;NA;"2019-02-18 20:05:01";TRUE;NA;1097587813409845248;NA;"<a href=""https://about.twitter.com/products/tweetdeck"" rel=""nofollow"">TweetDeck</a>";"dinogrejo";0;FALSE;FALSE;NA;NA;"Circulates and informs<U+FFFD><U+FFFD>what was offered Bebianno the dire<U+FFFD><U+FFFD>the Itaipu and that you have been offered the embassy in Rome "
"24";50;"Bolsa fechando    SãoFebruary 18  2019 at 05 00PM";FALSE;0;NA;"2019-02-18 20:00:37";FALSE;NA;1097586704377102336;NA;"<a href=""https://ifttt.com"" rel=""nofollow"">IFTTT</a>";"selusava";0;FALSE;FALSE;NA;NA;"Bag closing S<U+FFFD>oFebruary 18 2019 at 05 00PM"
"25";52;"Última semana foi excepcional para o BRENT   ";FALSE;2;NA;"2019-02-18 18:34:40";FALSE;NA;1097565075072798720;NA;"<a href=""http://twitter.com/download/android"" rel=""nofollow"">Twitter for Android</a>";"BR_Investing";0;FALSE;FALSE;NA;NA;"<U+FFFD>last week was exceptional for the BRENT "
"26";56;"As 500 marcas mais valiosas do mundo  veja ranking que tem 5 brasileiras  Companhias brasileiras listadas  quatro s  ";FALSE;0;NA;"2019-02-18 15:29:37";TRUE;NA;1097518506491420672;NA;"<a href=""http://twitter.com"" rel=""nofollow"">Twitter Web Client</a>";"ConsiglieriBras";0;FALSE;FALSE;NA;NA;"The 500 most valuable brands of the world to see the ranking that has 5 brazilian brazilian Companies listed four s "
"27";60;"PETR4 tentando fechar o GAP       O que é um GAP   ";FALSE;2;NA;"2019-02-18 13:36:19";FALSE;NA;1097489994317475840;NA;"<a href=""https://about.twitter.com/products/tweetdeck"" rel=""nofollow"">TweetDeck</a>";"clubedopairico";0;FALSE;FALSE;NA;NA;"PETR4 trying to close the GAP that <U+FFFD> a GAP "
"28";61;"belo GAP na abertura da PETR4      devemos aguardar algo     ";FALSE;5;NA;"2019-02-18 13:15:49";FALSE;NA;1097484833843015680;NA;"<a href=""https://about.twitter.com/products/tweetdeck"" rel=""nofollow"">TweetDeck</a>";"clubedopairico";0;FALSE;FALSE;NA;NA;"beautiful GAP at the opening of the PETR4 we should wait for something "
"29";62;"Ótimos negócios a todos  ";FALSE;1;NA;"2019-02-18 13:00:33";FALSE;NA;1097480991214657536;NA;"<a href=""https://ifttt.com"" rel=""nofollow"">IFTTT</a>";"selusava";0;FALSE;FALSE;NA;NA;"<U+FFFD>timos neg<U+FFFD>cios all "
"30";63;"Na sexta eu encerrei minha venda em B28  Fazia um bom tempo que eu não encerrava uma venda  sem deixar que ela foss  ";FALSE;7;NA;"2019-02-18 12:07:13";TRUE;NA;1097467571031457792;NA;"<a href=""https://about.twitter.com/products/tweetdeck"" rel=""nofollow"">TweetDeck</a>";"clubedopairico";0;FALSE;FALSE;NA;NA;"On Friday I shut down my sale in the B28 Was a long time that I n<U+FFFD>the closure of a sale without letting it foss "
"31";64;"Prepare se para o pregão de hoje  Análise   IBOV  WINJ19  WDOH19  PETR4  VALE3  KROT3  CESP6  B3SA3  BRAP4  DTEX3   ";FALSE;1;NA;"2019-02-18 11:40:08";TRUE;NA;1097460753219633152;NA;"<a href=""https://www.hootsuite.com"" rel=""nofollow"">Hootsuite Inc.</a>";"daltonvieira";0;FALSE;FALSE;NA;NA;"Get ready for the carbonaceous<U+FFFD>today An<U+FFFD>lysis IBOV WINJ19 WDOH19 PETR4 VALE3 KROT3 CESP6 B3SA3 BRAP4 DTEX3 "
"32";65;"A ";FALSE;0;NA;"2019-02-18 10:15:40";TRUE;NA;1097439500102520832;NA;"<a href=""http://twitter.com"" rel=""nofollow"">Twitter Web Client</a>";"negocialtraders";0;FALSE;FALSE;NA;NA;"The "
"33";67;"$PETR4   Cenários Semanais   AMBEV  ITAUUNIBANCO e PETROBRAS ";FALSE;0;NA;"2019-02-18 00:37:52";FALSE;NA;1097294089442213888;NA;"<a href=""https://www.advfn.com"" rel=""nofollow"">ADVFN News Alert</a>";"welington_wem";0;FALSE;FALSE;NA;NA;"$PETR4 Cen<U+FFFD>rivers Weekly AMBEV ITAUUNIBANCO and PETROBRAS "
"34";80;"Use o GrafBolsa para saber quais as Opções de Compra do momento de ";FALSE;1;NA;"2019-02-17 20:45:32";FALSE;NA;1097235621708513280;NA;"<a href=""https://ifttt.com"" rel=""nofollow"">IFTTT</a>";"selusava";0;FALSE;FALSE;NA;NA;"Use the GrafBolsa to know what the Op<U+FFFD><U+FFFD>s Purchase of the moment "
"35";81;"Atualização de PETR4  Pareceu que ia falhar  fingiu que ia para baixo   e reagiu novamente para cima com aumento si  ";FALSE;0;"obermedo";"2019-02-17 18:16:42";TRUE;1092526812616376320;1097198166338871296;112293101;"<a href=""http://twitter.com"" rel=""nofollow"">Twitter Web Client</a>";"obermedo";0;FALSE;FALSE;NA;NA;"Updates<U+FFFD><U+FFFD>the PETR4 it Seemed like it was going to fail, pretended that he was going down and responded again to the top with increase in si "
"36";82;" 2  Projeções curtas para PETR4  As perspectivas continuam positivas  mas caso os volumes sejam baixos  as probabil  ";FALSE;0;NA;"2019-02-17 18:03:51";TRUE;NA;1097194933096771584;NA;"<a href=""https://mobile.twitter.com"" rel=""nofollow"">Twitter Web App</a>";"upsidepredictor";0;FALSE;FALSE;NA;NA;" 2 Proje<U+FFFD><U+FFFD>es short for PETR4 The prospects remain positive but if the volumes are low the probabil "
"37";87;"PetrÃ³leo Brasileiro S A    Petrobras $PETR4 Declines  0 41  on Feb 16 ";FALSE;0;NA;"2019-02-17 02:38:28";FALSE;NA;1096962051342286848;NA;"<a href=""https://enbulletin.com/"" rel=""nofollow"">EnBulletin</a>";"bulletin_en";0;FALSE;FALSE;NA;NA;"Petróleo Brasileiro S A Petrobras $PETR4 Declines 0 41 on Feb 16 "
"38";91;"PETR4  Gráfico Cotação x Ebitda  ";FALSE;52;NA;"2019-02-16 21:18:49";FALSE;NA;1096881611247927296;NA;"<a href=""http://twitter.com"" rel=""nofollow"">Twitter Web Client</a>";"AraripeHeitor";7;FALSE;FALSE;NA;NA;"PETR4 Gr<U+FFFD>I Quota<U+FFFD><U+FFFD>the x Ebitda "
"39";92;"Com forte alta semanal PETR4 pode buscar o topo anterior   gráfico de ";FALSE;2;NA;"2019-02-16 20:41:26";FALSE;NA;1096872200445976576;NA;"<a href=""https://www.tradingview.com"" rel=""nofollow"">TradingView</a>";"PCTEDESCO";0;FALSE;FALSE;NA;NA;"With strong weekly high PETR4 can search for the top previous gr<U+FFFD>I "
"40";95;"Petróleo Brasileiro S A    Petrobras  PBR  price at close  2019 02 15  is 16 75  ";FALSE;0;NA;"2019-02-16 08:01:53";FALSE;NA;1096681054352654336;NA;"<a href=""https://ifttt.com"" rel=""nofollow"">IFTTT</a>";"selusava";0;FALSE;FALSE;NA;NA;"Petr<U+FFFD>leo Brasileiro S A Petrobras PBR price at close 2019 02 15 is 16 75 "
"41";97;"PETR4 tá linda demais pra ser verdade";FALSE;1;NA;"2019-02-15 23:21:26";FALSE;NA;1096550080440688640;NA;"<a href=""http://twitter.com/download/iphone"" rel=""nofollow"">Twitter for iPhone</a>";"pedroaguilarli";0;FALSE;FALSE;NA;NA;"PETR4 t<U+FFFD> linda too good to be true"
"42";101;"$PETR4   PETROBRAS  PETR N2    Outros Comunicados ao Mercado   15 02 19 ";FALSE;0;NA;"2019-02-15 21:05:01";FALSE;NA;1096515748703424512;NA;"<a href=""https://www.advfn.com"" rel=""nofollow"">ADVFN News Alert</a>";"EdenPolini";0;FALSE;FALSE;NA;NA;"$PETR4 PETROBRAS PETR N2 Other Communications to the Market 15 02 19 "
"43";112;"Ibovespa fechou o dia em baixa de  0 50  aos 97 526 pts divergindo das projeções iniciais  VALE3 terminou em alta d  ";FALSE;0;"upsidepredictor";"2019-02-15 20:55:39";TRUE;1096206290324516864;1096513390061719552;941426019692695552;"<a href=""https://mobile.twitter.com"" rel=""nofollow"">Twitter Web App</a>";"upsidepredictor";0;FALSE;FALSE;NA;NA;"Ibovespa closed the day at a low of 0 50 to 97 526 pts diverging from proje<U+FFFD><U+FFFD>s initial VALE3 finished in high d "
"44";113;"$PETR4   PETROBRAS  PETR N2    Calendario de Eventos Corporativos   ate 31 12 19  R  ";FALSE;0;NA;"2019-02-15 20:28:00";FALSE;NA;1096506432617361408;NA;"<a href=""https://www.advfn.com"" rel=""nofollow"">ADVFN News Alert</a>";"welington_wem";0;FALSE;FALSE;NA;NA;"$PETR4 PETROBRAS PETR N2 Calendar of Corporate Events up to 31 12 19 R "
"45";124;"e não é que PETR4 zerou     bateu R$26 7x agora a pouco     ";FALSE;3;NA;"2019-02-15 18:52:16";FALSE;NA;1096482343433486336;NA;"<a href=""https://about.twitter.com/products/tweetdeck"" rel=""nofollow"">TweetDeck</a>";"clubedopairico";0;FALSE;FALSE;NA;NA;"and n<U+FFFD>the <U+FFFD> that PETR4 zeroed hit R$26 7x now the little "
"46";126;"Hahhh esse Brentão da massa    $PETR4 ";FALSE;2;NA;"2019-02-15 18:03:56";FALSE;NA;1096470176231579648;NA;"<a href=""https://mobile.twitter.com"" rel=""nofollow"">Twitter Web App</a>";"ivan_gevaerd";0;FALSE;FALSE;NA;NA;"Hahhh this Brent<U+FFFD>the mass $PETR4 "
"47";127;"PETR4 tá tão doida  que ainda tá tendo negócios na B289     com ponta de compra  de 1¢  e venda de 2¢   LOUCURAAA     D";FALSE;6;NA;"2019-02-15 17:51:28";FALSE;NA;1096467042583089152;NA;"<a href=""https://about.twitter.com/products/tweetdeck"" rel=""nofollow"">TweetDeck</a>";"clubedopairico";0;FALSE;FALSE;NA;NA;"PETR4 t<U+FFFD> t<U+FFFD>the crazy that still t<U+FFFD> having neg<U+FFFD>cios B289 tip with purchase of 1<U+FFFD> and sale of 2<U+FFFD> LOUCURAAA D"
"48";128;"De olho na PETR4  ";FALSE;5;NA;"2019-02-15 17:41:45";FALSE;NA;1096464595416502272;NA;"<a href=""https://about.twitter.com/products/tweetdeck"" rel=""nofollow"">TweetDeck</a>";"clubedopairico";0;FALSE;FALSE;NA;NA;"Eye in the PETR4 "
"49";130;"Os tubarões estão bem benevolentes com a bolsa segurando o Ibov com a Petr4 e Vale3 do contrário a queda passaria dos 1  ";FALSE;11;NA;"2019-02-15 16:24:33";FALSE;NA;1096445166469238784;NA;"<a href=""http://twitter.com/#!/download/ipad"" rel=""nofollow"">Twitter for iPad</a>";"DuctorMarcus";1;FALSE;FALSE;NA;NA;"The tubar<U+FFFD>es est<U+FFFD>the well benevolent with the bag holding the Ibov with the Petr4 and Vale3 the ctrl<U+FFFD>river in the fall spend of 1 "
"50";131;"PETR4 apresentando voo de galinha ou dessa vez vai ";FALSE;0;NA;"2019-02-15 15:38:48";FALSE;NA;1096433653012402176;NA;"<a href=""http://twitter.com/download/android"" rel=""nofollow"">Twitter for Android</a>";"RaphaelInvestor";0;FALSE;FALSE;NA;NA;"PETR4 featuring flight of the chicken, or this time will "
"51";132;"a briga na PETR4 tá pegando fogo  hein     ";FALSE;6;NA;"2019-02-15 15:34:44";FALSE;NA;1096432630059491328;NA;"<a href=""https://about.twitter.com/products/tweetdeck"" rel=""nofollow"">TweetDeck</a>";"clubedopairico";0;FALSE;FALSE;NA;NA;"the fight in the PETR4 t<U+FFFD> on fire eh "
"52";141;"Golden guys    Olhem só onde foi que levaram a PETR4    É a região de defesa de quem   <U+0001F609> ";FALSE;5;NA;"2019-02-15 12:21:49";FALSE;NA;1096384080273395712;NA;"<a href=""https://about.twitter.com/products/tweetdeck"" rel=""nofollow"">TweetDeck</a>";"clubedopairico";1;FALSE;FALSE;NA;NA;"Golden guys Look s<U+FFFD> where it was that led to the PETR4 <U+FFFD> the region<U+FFFD>the defense of those who <U 0001F609> "
"53";142;"$PETR4   PETROBRAS  PETR N2    Informacao as Bolsas Estrangeiras   14 02 19 ";FALSE;0;NA;"2019-02-15 11:40:00";FALSE;NA;1096373557557428224;NA;"<a href=""https://www.advfn.com"" rel=""nofollow"">ADVFN News Alert</a>";"Carlos_Reis";0;FALSE;FALSE;NA;NA;"$PETR4 PETROBRAS PETR N2 Information the Foreign Exchanges 14 02 19 "
"54";153;"Prepare se para o pregão de hoje  Análise   IBOV  WINJ19  WDOH19  PETR4  VALE3  IRBR3  EQTL3  CMIG4  CCRO3  KROT3 e  ";FALSE;0;NA;"2019-02-15 10:40:06";TRUE;NA;1096358482092146688;NA;"<a href=""https://www.hootsuite.com"" rel=""nofollow"">Hootsuite Inc.</a>";"daltonvieira";1;FALSE;FALSE;NA;NA;"Get ready for the carbonaceous<U+FFFD>today An<U+FFFD>lysis IBOV WINJ19 WDOH19 PETR4 VALE3 IRBR3 EQTL3 CMIG4 CCRO3 KROT3 and "
"55";154;"Segue análise de ";FALSE;0;NA;"2019-02-15 10:28:01";TRUE;NA;1096355442974957568;NA;"<a href=""http://twitter.com"" rel=""nofollow"">Twitter Web Client</a>";"emeryhuller";0;FALSE;FALSE;NA;NA;"Following an<U+FFFD>lysis "
"56";156;"Morning call <U+2622><U+FE0F>  <U+2705> Minério de ferro  Dalian   +0 32  <U+2705> Oil BRENT  +0 46  <U+2705> Oil WTI  +0 31   <U+0001F30E> Exterior   <U+0001F961> Asia  <U+2B07><U+FE0F>  ";FALSE;1;NA;"2019-02-15 09:58:58";TRUE;NA;1096348130302402560;NA;"<a href=""http://twitter.com/download/android"" rel=""nofollow"">Twitter for Android</a>";"BR_Investing";1;FALSE;FALSE;NA;NA;"Morning call <U 2622><U FE0F> <U 2705> Min<U+FFFD>river iron Dalian 0 32 <U 2705> Oil BRENT 0 46 <U 2705> Oil WTI 0 31 <U 0001F30E> Outer <U 0001F961> Asia <U 2B07><U FE0F> "
"57";158;"Petróleo Brasileiro S A    Petrobras  PBR  price at close  2019 02 14  is 16 72  ";FALSE;0;NA;"2019-02-15 08:01:36";FALSE;NA;1096318597725605888;NA;"<a href=""https://ifttt.com"" rel=""nofollow"">IFTTT</a>";"selusava";0;FALSE;FALSE;NA;NA;"Petr<U+FFFD>leo Brasileiro S A Petrobras PBR price at close 2019 02 14 is 16 72 "
"58";164;"Projeções curtas atualizadas para 15 02 2019 para Ibovespa  VALE3 e PETR4  Vamos conferir  ";FALSE;0;NA;"2019-02-15 00:35:20";FALSE;NA;1096206290324516864;NA;"<a href=""https://mobile.twitter.com"" rel=""nofollow"">Twitter Web App</a>";"upsidepredictor";0;FALSE;FALSE;NA;NA;"Proje<U+FFFD><U+FFFD>es short updated 15 02 2019 for Ibovespa VALE3 and PETR4 Let's check out "
"59";173;"ADR PETROBRÁS em NY fecha em alta de 2 8  a 16 72   em cima  do topo de out 18 antes do crash  depois  só tem a fai  ";FALSE;14;NA;"2019-02-14 22:34:58";TRUE;NA;1096175996854784000;NA;"<a href=""http://twitter.com"" rel=""nofollow"">Twitter Web Client</a>";"zeroe100";1;FALSE;FALSE;NA;NA;"ADR PETROBR<U+FFFD>S in NY closes at high of 2 8 and 16 72 on top of the top of oct 18 before the crash after the s<U+FFFD> has the fai "
"60";174;"$PETR4   PETROBRAS  PETR N2    Aviso aos Debenturistas   14 02 19 ";FALSE;0;NA;"2019-02-14 21:35:12";FALSE;NA;1096160955732553728;NA;"<a href=""https://www.advfn.com"" rel=""nofollow"">ADVFN News Alert</a>";"EdenPolini";0;FALSE;FALSE;NA;NA;"$PETR4 PETROBRAS PETR N2 Notice to the debenture holders 14 02 19 "
"61";190;" 2  PETR4 com volumes acima da média avançou em boa  sintonia  com as últimas projeções curtas  PETRO fechou em alt  ";FALSE;0;"upsidepredictor";"2019-02-14 21:13:18";TRUE;1095846291068932096;1096155443905351680;941426019692695552;"<a href=""http://twitter.com"" rel=""nofollow"">Twitter Web Client</a>";"upsidepredictor";0;FALSE;FALSE;NA;NA;" 2 PETR4 with the above volumes of the m<U+FFFD>day advanced<U+FFFD>or in good harmony with the <U+FFFD>ltimas proje<U+FFFD><U+FFFD>es short PETRO closed on alt "
"62";193;"$PETR4   PETROBRAS  PETR N2    Fato Relevante   14 02 19 ";FALSE;0;NA;"2019-02-14 21:04:01";FALSE;NA;1096153107959037952;NA;"<a href=""https://www.advfn.com"" rel=""nofollow"">ADVFN News Alert</a>";"EdenPolini";0;FALSE;FALSE;NA;NA;"$PETR4 PETROBRAS PETR N2 material Fact 14 02 19 "
"63";204;"Finalmente a Petr4 ta andando  pqp";FALSE;0;NA;"2019-02-14 20:59:12";FALSE;NA;1096151899424858112;NA;"<a href=""http://twitter.com"" rel=""nofollow"">Twitter Web Client</a>";"moisesdratovsky";0;FALSE;FALSE;NA;NA;"Finally Petr4 ta walking!"
"64";206;"Hoje o ";FALSE;6;NA;"2019-02-14 19:48:06";FALSE;NA;1096134005840318464;NA;"<a href=""http://twitter.com/download/iphone"" rel=""nofollow"">Twitter for iPhone</a>";"FabiTheOneBot";1;FALSE;FALSE;NA;NA;"Today "
"65";208;"Gigante PETR4 se mantém na em alta 2 11   17 00h";FALSE;0;NA;"2019-02-14 19:02:15";FALSE;NA;1096122464227262464;NA;"<a href=""http://twitter.com/download/iphone"" rel=""nofollow"">Twitter for iPhone</a>";"almirdiel";0;FALSE;FALSE;NA;NA;"Giant PETR4 if you keep<U+FFFD>m in the high 2 11 17 00"
"66";213;"e lá tá a PETR4 nos R$26 42   B269 deve tá pegado fogo       subindo 50  ";FALSE;7;NA;"2019-02-14 17:23:32";FALSE;NA;1096097624065757184;NA;"<a href=""https://about.twitter.com/products/tweetdeck"" rel=""nofollow"">TweetDeck</a>";"clubedopairico";1;FALSE;FALSE;NA;NA;"and l<U+FFFD> t<U+FFFD> the PETR4 us$26 42 B269 should t<U+FFFD> caught fire rising 50 "
"67";214;"e tome mercado puxando      PETR4 vai renovando a máxima do dia";FALSE;4;NA;"2019-02-14 17:04:52";FALSE;NA;1096092923928682496;NA;"<a href=""https://about.twitter.com/products/tweetdeck"" rel=""nofollow"">TweetDeck</a>";"clubedopairico";0;FALSE;FALSE;NA;NA;"and take the market by pulling PETR4 will renew the m<U+FFFD>the maximum of the day"
"68";217;"Volume financeiro PROJETADO  com relação a ontem  para o final do pregão de hoje  R$ 11 299 153 36   IGUAL A  26 85  ";FALSE;0;NA;"2019-02-14 15:36:13";TRUE;NA;1096070616405475328;NA;"<a href=""http://twitter.com"" rel=""nofollow"">Twitter Web Client</a>";"selusava";0;FALSE;FALSE;NA;NA;"The financial Volume DESIGNED with rela<U+FFFD><U+FFFD>the the yesterday to the end of the preg<U+FFFD>the today$ 11 299 153 36 EQUAL TO 26 85 "
"69";221;"milagre    A PETR4 fechou um GAP     D   eram 3  fechou o 1º       tem um nos R$25 72 e outro nos R$24 88      será  ";FALSE;4;NA;"2019-02-14 14:14:06";FALSE;NA;1096049952009211904;NA;"<a href=""https://about.twitter.com/products/tweetdeck"" rel=""nofollow"">TweetDeck</a>";"clubedopairico";0;FALSE;FALSE;NA;NA;"miracle PETR4 closed a GAP D were 3 closed 1<U+FFFD> has a us$25 72, and another us$24 88 be<U+FFFD> "
"70";223;"Radar  manhã    IBOV  WINJ19  WDOH19  PETR4  VALE3 e destaques | 14 2 19    ";FALSE;0;NA;"2019-02-14 13:30:32";FALSE;NA;1096038985225379840;NA;"<a href=""http://twitter.com"" rel=""nofollow"">Twitter Web Client</a>";"AteoUltimoGain";0;FALSE;FALSE;NA;NA;"Radar manh<U+FFFD> IBOV WINJ19 WDOH19 PETR4 VALE3 and highlights | 14 2 19 "
"71";224;"Agora que as opções viraram pó  essa MicoBrás resolve subir    ¬¬ ";FALSE;0;NA;"2019-02-14 13:22:35";FALSE;NA;1096036984798265344;NA;"<a href=""http://twitter.com"" rel=""nofollow"">Twitter Web Client</a>";"diego_pamplona";0;FALSE;FALSE;NA;NA;"Now that the op<U+FFFD><U+FFFD>s turned p<U+FFFD> this MicoBr<U+FFFD>s resolves climb <U+FFFD><U+FFFD> "
"72";225;"Veja o cenário encontrado na ";FALSE;1;NA;"2019-02-14 13:05:16";TRUE;NA;1096032626538962944;NA;"<a href=""http://www.grouptweet.com"" rel=""nofollow"">GroupTweet</a>";"AlpariRA";1;FALSE;FALSE;NA;NA;"See the cen<U+FFFD>river found in the "
"73";226;"PETR4 tentando fechar o GAP    de olho  ";FALSE;3;NA;"2019-02-14 12:32:28";FALSE;NA;1096024372433825792;NA;"<a href=""https://about.twitter.com/products/tweetdeck"" rel=""nofollow"">TweetDeck</a>";"clubedopairico";0;FALSE;FALSE;NA;NA;"PETR4 trying to close the GAP of the eye "
"74";227;"PETR4 NÃO SOLTA O FREIO DE MÃO NEM A PAUUUUUUUUUUUUUUUUUUUUUUU ";FALSE;0;NA;"2019-02-14 12:21:05";FALSE;NA;1096021509515108352;NA;"<a href=""http://twitter.com"" rel=""nofollow"">Twitter Web Client</a>";"brenofcarvalho";0;FALSE;FALSE;NA;NA;"PETR4 N<U+FFFD>THE LOOSE BRAKE M<U+FFFD>NOR THE PAUUUUUUUUUUUUUUUUUUUUUUU "
"75";228;"mais um dia de GAP na PETR4      o 3º seguido     o O  O que é um GAP   ";FALSE;2;NA;"2019-02-14 12:13:26";FALSE;NA;1,09601958464e+18;NA;"<a href=""https://about.twitter.com/products/tweetdeck"" rel=""nofollow"">TweetDeck</a>";"clubedopairico";0;FALSE;FALSE;NA;NA;"one more day of GAP in the PETR4 the 3<U+FFFD> followed the The The that <U+FFFD> a GAP "
"76";229;"petróleo subindo +0 8  agora  gás pra PETR4  ";FALSE;10;NA;"2019-02-14 12:01:20";FALSE;NA;1096016540842029056;NA;"<a href=""https://about.twitter.com/products/tweetdeck"" rel=""nofollow"">TweetDeck</a>";"clubedopairico";0;FALSE;FALSE;NA;NA;"petr<U+FFFD>leo rising 0 8 now g<U+FFFD>s for PETR4 "
"77";230;"$PETR4  Petrobrás admite supercampo no ES e vai pagar dívida de R$ 3 1 bi  Estado   ";FALSE;26;NA;"2019-02-14 11:53:00";FALSE;NA;1096014440812564480;NA;"<a href=""http://twitter.com"" rel=""nofollow"">Twitter Web Client</a>";"tradersclubbr";1;FALSE;FALSE;NA;NA;"$PETR4 Petrobr<U+FFFD>s admits supercampo in the ES and will pay d<U+FFFD>life of R$ 3 1 bi State "
"78";231;"Morning call <U+2622><U+FE0F>  <U+2705> Minério de ferro  Dalian   +0 72  <U+2705> Oil BRENT  +1 31  <U+2705> Oil WTI  +0 82   <U+0001F30E> Exterior   <U+0001F961> Asia  <U+2198><U+FE0F>  ";FALSE;1;NA;"2019-02-14 10:47:18";TRUE;NA;1095997909705936896;NA;"<a href=""http://twitter.com/download/android"" rel=""nofollow"">Twitter for Android</a>";"BR_Investing";0;FALSE;FALSE;NA;NA;"Morning call <U 2622><U FE0F> <U 2705> Min<U+FFFD>river iron Dalian 0 72 <U 2705> Oil BRENT 1 31 <U 2705> Oil WTI 0 82 <U 0001F30E> Outer <U 0001F961> Asia <U 2198><U FE0F> "
"79";232;"Abertura de operação  13 02 19    trava de baixa      v  petrc270   R$ 1 04  c  petrc279   R$ 0 65              spr  ";FALSE;0;NA;"2019-02-14 10:43:52";TRUE;NA;1095997045314334720;NA;"<a href=""https://about.twitter.com/products/tweetdeck"" rel=""nofollow"">TweetDeck</a>";"4nc_sec";0;FALSE;FALSE;NA;NA;"Opening opera<U+FFFD><U+FFFD>the 13 02 19 hangs low v petrc270 R$ 1 04 c petrc279$ 0 65 spr "
"80";234;"E essa estrelinha chutada pra longe no diário da PETR4        Alguém arrisca alguma coisa   ";FALSE;12;NA;"2019-02-14 10:22:41";FALSE;NA;1095991711116021760;NA;"<a href=""https://about.twitter.com/products/tweetdeck"" rel=""nofollow"">TweetDeck</a>";"clubedopairico";1;FALSE;FALSE;NA;NA;"And this little star kicked it away in the di<U+FFFD>river PETR4 Someone<U+FFFD>m risk something "
"81";235;"Cauteloso para Fevereiro 2019   gráfico de ";FALSE;1;NA;"2019-02-14 09:58:54";FALSE;NA;1095985727693762560;NA;"<a href=""https://www.tradingview.com"" rel=""nofollow"">TradingView</a>";"brumazzoni";0;FALSE;FALSE;NA;NA;"Cautious to February 2019 gr<U+FFFD>I "
"82";240;"Petrobras disse que ele  não possui a experiência requerida em posição gerencial que é necessária à função     via  ";FALSE;11;NA;"2019-02-14 09:04:34";TRUE;NA;1095972052027260928;NA;"<a href=""http://twitter.com/download/iphone"" rel=""nofollow"">Twitter for iPhone</a>";"AnaliseEnergia";4;FALSE;FALSE;NA;NA;"Petrobras said that it n<U+FFFD>the has the experience<U+FFFD>of the required posi<U+FFFD><U+FFFD>the management that <U+FFFD> necessary<U+FFFD>ria <U+FFFD> fun<U+FFFD><U+FFFD>the via "
"83";242;"Petróleo Brasileiro S A    Petrobras  PBR  price at close  2019 02 13  is 16 26  ";FALSE;0;NA;"2019-02-14 08:00:49";FALSE;NA;1095956011402358784;NA;"<a href=""https://ifttt.com"" rel=""nofollow"">IFTTT</a>";"selusava";1;FALSE;FALSE;NA;NA;"Petr<U+FFFD>leo Brasileiro S A Petrobras PBR price at close 2019 02 13 s 16 26 "
"84";244;"Seguem as projeções curtas diárias do ";FALSE;0;NA;"2019-02-14 00:44:50";FALSE;NA;1095846291068932096;NA;"<a href=""https://mobile.twitter.com"" rel=""nofollow"">Twitter Web App</a>";"upsidepredictor";0;FALSE;FALSE;NA;NA;"Follow the proje<U+FFFD><U+FFFD>s short di<U+FFFD>coming "
"85";247;"1  EUA vão invadir a Venezuela se Maduro impedir o ingresso do comboio de ajuda humanitária  2  Se isso acontecer   ";FALSE;27;NA;"2019-02-13 23:31:16";TRUE;NA;1095827777641725952;NA;"<a href=""https://mobile.twitter.com"" rel=""nofollow"">Twitter Web App</a>";"SSQNS1";1;FALSE;FALSE;NA;NA;"1 USA v<U+FFFD>the invade Venezuela if Maduro to prevent the entry of the train to help humanit<U+FFFD>ria 2 If this happens "
"86";249;"IBOV fechou em baixa de  0 34  aos 95 842 pts  um pouco acima do ponto de predição 5  VALE3 superou um pouco a proj  ";FALSE;0;"upsidepredictor";"2019-02-13 20:45:19";TRUE;1095483863898472448;1095786013794942976;941426019692695552;"<a href=""https://mobile.twitter.com"" rel=""nofollow"">Twitter Web App</a>";"upsidepredictor";0;FALSE;FALSE;NA;NA;"IBOV had closed at a low of 0 to 34 to 95 842 pts a little above the point of predi<U+FFFD><U+FFFD>the 5 VALE3 surpassed a little the proj "
"87";252;"PETR4 fechou na resistência ";FALSE;11;NA;"2019-02-13 20:13:26";FALSE;NA;1095777992658292736;NA;"<a href=""http://twitter.com"" rel=""nofollow"">Twitter Web Client</a>";"magotrader";2;FALSE;FALSE;NA;NA;"PETR4 closed in the resist<U+FFFD>of "
"88";258;"está decretado o fim da regra  o índice sobe em dia de vencimento   PETR4 e o restante está livre para corrigir      quer ver  ";FALSE;2;NA;"2019-02-13 18:49:00";FALSE;NA;1095756743601201152;NA;"<a href=""https://about.twitter.com/products/tweetdeck"" rel=""nofollow"">TweetDeck</a>";"clubedopairico";0;FALSE;FALSE;NA;NA;"est<U+FFFD> decreed the end of the rule the <U+FFFD>index rises on expiration day PETR4 and the remaining est<U+FFFD> free to correct want to see "
"89";262;"PETR4 renovando as máximas do dia";FALSE;4;NA;"2019-02-13 18:15:15";FALSE;NA;1095748250047524864;NA;"<a href=""https://about.twitter.com/products/tweetdeck"" rel=""nofollow"">TweetDeck</a>";"clubedopairico";0;FALSE;FALSE;NA;NA;"PETR4 renewing the m<U+FFFD>close of the day"
"90";264;"petr4 26 20 ás16 13<U+0001F5A4><U+0001F5A4>";FALSE;0;NA;"2019-02-13 18:13:42";FALSE;NA;1095747861088792576;NA;"<a href=""http://twitter.com"" rel=""nofollow"">Twitter Web Client</a>";"GabrielGouveaa";0;FALSE;FALSE;NA;NA;"petr4 26 20 <U+FFFD>s16 13<U 0001F5A4><U 0001F5A4>"
"91";266;"PETR4  R$ 26 14  Olho no lance  Rompimento dos 26 15  ";FALSE;48;NA;"2019-02-13 18:03:27";FALSE;NA;1095745281054961664;NA;"<a href=""https://mobile.twitter.com"" rel=""nofollow"">Twitter Web App</a>";"CapivaraTrader";5;FALSE;FALSE;NA;NA;"PETR4 R$ 26 14 Eye on the bid breakdown of 26 15 "
"92";268;"olha lá a PETR4 tentando renovar a máxima do dia     EITAA      ";FALSE;3;NA;"2019-02-13 17:29:17";FALSE;NA;1095736682660462592;NA;"<a href=""https://about.twitter.com/products/tweetdeck"" rel=""nofollow"">TweetDeck</a>";"clubedopairico";0;FALSE;FALSE;NA;NA;"looks l<U+FFFD> the PETR4 trying to renew the m<U+FFFD>the maximum of the day EITAA "
"93";270;"PETR4 e VALE3 segurando o índice   <U+0001F914>";FALSE;8;NA;"2019-02-13 16:08:11";FALSE;NA;1095716271268790272;NA;"<a href=""http://twitter.com/download/iphone"" rel=""nofollow"">Twitter for iPhone</a>";"clubedopairico";0;FALSE;FALSE;NA;NA;"PETR4 and VALE3 holding the <U+FFFD>table of contents <U 0001F914>"
"94";272;"PETR4 se segurando com o índice caindo          e petróleo zerado   Será que é a briga do vencimento  ";FALSE;6;NA;"2019-02-13 13:37:29";FALSE;NA;1095678346426531840;NA;"<a href=""https://about.twitter.com/products/tweetdeck"" rel=""nofollow"">TweetDeck</a>";"clubedopairico";0;FALSE;FALSE;NA;NA;"PETR4 holding up with the <U+FFFD>index falling and petr<U+FFFD>leo turned out to Be<U+FFFD> that <U+FFFD> to fight maturity "
"95";273;"Manhã boa de daytrade  com +7 5 pontos no dolar  390 pontos no índice  10 centavos na VALE3  e stop de 5 centavos n  ";FALSE;1;NA;"2019-02-13 12:56:21";TRUE;NA;1095667996243230720;NA;"<a href=""http://twitter.com"" rel=""nofollow"">Twitter Web Client</a>";"TradingInfos";0;FALSE;FALSE;NA;NA;"Manh<U+FFFD> good daytrade with 7 5 points on the dollar 390 points in the <U+FFFD>table of contents 10 cents in VALE3 and stop of 5 cents n "
"96";274;"e esse baita GAP dona PETR4  ";FALSE;3;NA;"2019-02-13 12:09:46";FALSE;NA;1095656272282689536;NA;"<a href=""https://about.twitter.com/products/tweetdeck"" rel=""nofollow"">TweetDeck</a>";"clubedopairico";0;FALSE;FALSE;NA;NA;"and this huge GAP dona PETR4 "
"97";275;"futuro de PETR4 pra lá de empolgado   R$26 00 agora";FALSE;2;NA;"2019-02-13 12:04:12";FALSE;NA;1095654872303714304;NA;"<a href=""https://about.twitter.com/products/tweetdeck"" rel=""nofollow"">TweetDeck</a>";"clubedopairico";0;FALSE;FALSE;NA;NA;"the future of PETR4 to l<U+FFFD> of excited R$26 00 now"
"98";276;"$PETR4   Coluna do TradingView  Dólar  Petro  Vale e Ibov ";FALSE;0;NA;"2019-02-13 11:39:27";FALSE;NA;1095648645620383744;NA;"<a href=""https://www.advfn.com"" rel=""nofollow"">ADVFN News Alert</a>";"gtapioca";0;FALSE;FALSE;NA;NA;"$PETR4 Column of TradingView D<U+FFFD>home to Petro the Valley and Ibov "
"99";289;"Governo apresenta regras do leilão de excedentes da cessão  ";FALSE;10;NA;"2019-02-13 11:09:32";FALSE;NA;1095641113849806848;NA;"<a href=""http://twitter.com"" rel=""nofollow"">Twitter Web Client</a>";"epbr";3;FALSE;FALSE;NA;NA;"Government presents rules of the leil<U+FFFD>the surplus cess<U+FFFD>the "
"100";291;"Prepare se para o pregão de hoje  Análise   IBOV  WING19  WDOH19  PETR4  VALE3  IRBR3  KROT3  ITUB4  BRSR6  IGTA3   ";FALSE;1;NA;"2019-02-13 10:40:08";TRUE;NA;1095633714338582528;NA;"<a href=""https://www.hootsuite.com"" rel=""nofollow"">Hootsuite Inc.</a>";"daltonvieira";0;FALSE;FALSE;NA;NA;"Get ready for the carbonaceous<U+FFFD>today An<U+FFFD>lysis IBOV WING19 WDOH19 PETR4 VALE3 IRBR3 KROT3 ITUB4 BRSR6 IGTA3 "
"101";295;"Morning call <U+2622><U+FE0F>  <U+274C> Minério de ferro  Dalian    3 26  <U+2705> Oil BRENT  +1 31  <U+2705> Oil WTI  +1 21   <U+0001F30E> Exterior   <U+0001F961> Asia  <U+2B06><U+FE0F>  ";FALSE;8;NA;"2019-02-13 09:50:45";TRUE;NA;1095621289660821504;NA;"<a href=""http://twitter.com/download/android"" rel=""nofollow"">Twitter for Android</a>";"BR_Investing";4;FALSE;FALSE;NA;NA;"Morning call <U 2622><U FE0F> <U 274C> Min<U+FFFD>river iron Dalian 3 26 <U 2705> Oil BRENT 1 31 <U 2705> Oil-WTI-1 21 <U 0001F30E> Outer <U 0001F961> Asia <U 2B06><U FE0F> "
"102";296;"Petróleo Brasileiro S A    Petrobras  PBR  price at close  2019 02 12  is 16 04  ";FALSE;0;NA;"2019-02-13 08:01:05";FALSE;NA;1095593690461028352;NA;"<a href=""https://ifttt.com"" rel=""nofollow"">IFTTT</a>";"selusava";0;FALSE;FALSE;NA;NA;"Petr<U+FFFD>leo Brasileiro S A Petrobras PBR price at close 2019 02 12 is 16 04 "
"103";298;"Perspectivas para 13 02 2019 para Ibovespa  VALE3 e PETR4  Vamos acompanhar  ";FALSE;3;NA;"2019-02-13 00:44:40";FALSE;NA;1095483863898472448;NA;"<a href=""https://mobile.twitter.com"" rel=""nofollow"">Twitter Web App</a>";"upsidepredictor";0;FALSE;FALSE;NA;NA;"Prospects for the 13 02 2019 for Ibovespa VALE3 and PETR4 We will follow "
"104";299;"Penso que  PETR4 esta iniciando uma decolagem rumo ao R$ 33 65";FALSE;1;NA;"2019-02-12 22:48:31";FALSE;NA;1095454633059848192;NA;"<a href=""http://twitter.com"" rel=""nofollow"">Twitter Web Client</a>";"negocialtraders";0;FALSE;FALSE;NA;NA;"I think that PETR4 this by starting a takeoff towards the R$ 33 65"
"105";300;"$PETR4   PETROBRAS  PETR N2    Outros Comunicados ao Mercado   12 02 19 ";FALSE;0;NA;"2019-02-12 21:57:25";FALSE;NA;1095441773038628864;NA;"<a href=""https://www.advfn.com"" rel=""nofollow"">ADVFN News Alert</a>";"ronaldocfabiano";0;FALSE;FALSE;NA;NA;"$PETR4 PETROBRAS PETR N2 Other Communications to the Market 12 02 19 "
"106";316;"IBOV fechou em alta de +1 86  aos 96 168 pts  superando a projeção 2 com +1 13   PETR4 fechou em alta de +3 54  aos  ";FALSE;0;"upsidepredictor";"2019-02-12 20:35:43";TRUE;1095139117787172864;1095421210643566592;941426019692695552;"<a href=""https://mobile.twitter.com"" rel=""nofollow"">Twitter Web App</a>";"upsidepredictor";0;FALSE;FALSE;NA;NA;"IBOV had closed at a high of 1 86 to 96 168 pts exceeding the screening<U+FFFD><U+FFFD>the 2 with 1 13 PETR4 closed higher 3 54 to "
"107";318;"interessante     petróleo chegou a 3  de alta     agora tá 1 2   PETR4 chegou a 4   tá +3 ";FALSE;8;NA;"2019-02-12 19:26:57";FALSE;NA;1095403906774065152;NA;"<a href=""https://about.twitter.com/products/tweetdeck"" rel=""nofollow"">TweetDeck</a>";"clubedopairico";0;FALSE;FALSE;NA;NA;"interesting petr<U+FFFD>leo arrived at 3 high now t<U+FFFD> 1 2 PETR4 has reached the 4 t<U+FFFD> 3 "
"108";319;"Preço do petróleo em alta hoje WTI +1 6  aos US$ 53 30 por barril Brent +1 4  aos US$ 62 50 por barril Reflexo da r  ";FALSE;5;NA;"2019-02-12 19:23:11";TRUE;NA;1095402960283144192;NA;"<a href=""http://twitter.com"" rel=""nofollow"">Twitter Web Client</a>";"edu_guimaraes18";0;FALSE;FALSE;NA;NA;"Pre<U+FFFD>the petr<U+FFFD>leo high today WTI 1 6 to$ 53 30 per barrel Brent 1 4 to US$ 62 50 per barrel, a Reflection of the r "
"109";320;"caraca      estava eu lendo  numa boa     quando de repente   deixa eu dar uma olhada na cotação da PETR4       est  ";FALSE;1;NA;"2019-02-12 19:05:32";TRUE;NA;1095398516355227648;NA;"<a href=""https://about.twitter.com/products/tweetdeck"" rel=""nofollow"">TweetDeck</a>";"clubedopairico";0;FALSE;FALSE;NA;NA;"whoa I was reading a good when all of a sudden let me take a look at the quota<U+FFFD><U+FFFD>the PETR4 est "
"110";323;" Fênix incansável deve voar novamente    após cortar recomendação de Petrobras para  neutro  após saída de Parente  ";FALSE;10;NA;"2019-02-12 18:18:30";TRUE;NA;1095386679307919360;NA;"<a href=""http://twitter.com"" rel=""nofollow"">Twitter Web Client</a>";"AnaliseEnergia";1;FALSE;FALSE;NA;NA;" F<U+FFFD>nix incans<U+FFFD>manual transmission should fly again ap<U+FFFD>s cut recommends<U+FFFD><U+FFFD>of Petrobras to neutral ap<U+FFFD>s sa<U+FFFD>of the Relative "
"111";324;"petr4 com 3 6  antes de eu entrar <U+0001F614>";FALSE;0;NA;"2019-02-12 18:08:28";FALSE;NA;1095384156270460928;NA;"<a href=""http://twitter.com/download/iphone"" rel=""nofollow"">Twitter for iPhone</a>";"davidlira";0;FALSE;FALSE;NA;NA;"petr4 3-6 before I get <U 0001F614>"
"112";325;"$PETR4   Petrobras espera novos lances para gasoduto TAG em março  diz fonte ";FALSE;0;NA;"2019-02-12 18:07:55";FALSE;NA;1095384018521149440;NA;"<a href=""https://www.advfn.com"" rel=""nofollow"">ADVFN News Alert</a>";"welington_wem";0;FALSE;FALSE;NA;NA;"$PETR4 Petrobras expects new bids to the TAG pipeline in the sea<U+FFFD>the says source "
"113";338;"Petrobras anuncia distribuição de debêntures no valor de R$ 3 6 bilhões ";FALSE;0;NA;"2019-02-12 15:41:07";FALSE;NA;1095347074248392704;NA;"<a href=""http://twitter.com"" rel=""nofollow"">Twitter Web Client</a>";"wlamirpenna";0;FALSE;FALSE;NA;NA;"Petrobras announces distributes<U+FFFD><U+FFFD>the deb<U+FFFD>ntures in the amount of R$ 3 6 bilh<U+FFFD>es "
"114";339;"Volume PROJETADO das opções para hoje ";FALSE;0;NA;"2019-02-12 15:36:57";TRUE;NA;1095346025643020288;NA;"<a href=""http://twitter.com"" rel=""nofollow"">Twitter Web Client</a>";"selusava";0;FALSE;FALSE;NA;NA;"Volume DESIGNED the op<U+FFFD><U+FFFD>es for today "
"115";340;"Volume PROJETADO para o final do pregão de hoje ";FALSE;1;NA;"2019-02-12 15:34:47";TRUE;NA;1095345479766949888;NA;"<a href=""http://twitter.com"" rel=""nofollow"">Twitter Web Client</a>";"selusava";0;FALSE;FALSE;NA;NA;"Volume PROJECTED to the end of the preg<U+FFFD>today "
"116";341;"Volume financeiro PROJETADO  com relação a ontem   para o final do pregão de hoje  R$ 11 568 180 82   IGUAL A 16 31  ";FALSE;0;NA;"2019-02-12 15:32:51";TRUE;NA;1095344993810681856;NA;"<a href=""http://twitter.com"" rel=""nofollow"">Twitter Web Client</a>";"selusava";0;FALSE;FALSE;NA;NA;"The financial Volume DESIGNED with rela<U+FFFD><U+FFFD>the the yesterday to the end of the preg<U+FFFD>the today$ 11 568 180 82 EQUAL TO 16 31 "
"117";344;" Zé  você tá brabo com a alta da PETR4     Tô      O papel segurou  mais uma vez  no suporte  e a anta aqui não lançou nada  Congelei     <U+0001F614>";FALSE;10;NA;"2019-02-12 14:49:23";FALSE;NA;1095334056068231168;NA;"<a href=""https://about.twitter.com/products/tweetdeck"" rel=""nofollow"">TweetDeck</a>";"clubedopairico";0;FALSE;FALSE;NA;NA;" Z<U+FFFD> you<U+FFFD> t<U+FFFD> angry with the high PETR4 T<U+FFFD> THE role held once more in support and tapir here n<U+FFFD>the lan<U+FFFD>or nothing > <U 0001F614>"
"118";346;"Se fechar nesse patamar teremos rompimento de enorme congestão  Acho que não preciso dizer muito o que deve acontec  ";FALSE;21;NA;"2019-02-12 14:14:04";TRUE;NA;1095325168363335680;NA;"<a href=""http://twitter.com/download/iphone"" rel=""nofollow"">Twitter for iPhone</a>";"gusmaran";0;FALSE;FALSE;NA;NA;"If you close this level we will be breaking huge congest<U+FFFD>I Think that n<U+FFFD>the need to say a lot that must go "
"119";350;"PETR4 +3  VALE3 +2  = PAZ";FALSE;1;NA;"2019-02-12 12:54:26";FALSE;NA;1095305124686245888;NA;"<a href=""http://twitter.com"" rel=""nofollow"">Twitter Web Client</a>";"macmarques10";0;FALSE;FALSE;NA;NA;"PETR4 3 VALE3 2 = PEACE"
"120";351;"PETR4 no teste dos R$25 60  ";FALSE;10;NA;"2019-02-12 12:52:01";FALSE;NA;1095304518013779968;NA;"<a href=""https://about.twitter.com/products/tweetdeck"" rel=""nofollow"">TweetDeck</a>";"clubedopairico";0;FALSE;FALSE;NA;NA;"PETR4 the test of R$25 60 "
"121";352;"Hoje mais um dia de trade  resultado super positivo  sim ao final trade posto o resultado do dia   Hoje fiz algumas  ";FALSE;0;NA;"2019-02-12 12:50:48";TRUE;NA;1095304213515591680;NA;"<a href=""http://instagram.com"" rel=""nofollow"">Instagram</a>";"valtersoncastro";0;FALSE;FALSE;"-49.2707";"-16.6869";"Today more of a day trade very positive yes to the final trade post the result of the day Today I made a few "
"122";354;"volume monstruoso na abertura da PETR4  projetando 127MM de ações para o dia   o O";FALSE;9;NA;"2019-02-12 12:21:56";FALSE;NA;1095296945432731648;NA;"<a href=""https://about.twitter.com/products/tweetdeck"" rel=""nofollow"">TweetDeck</a>";"clubedopairico";1;FALSE;FALSE;NA;NA;"volume monstrous at the opening of the PETR4 designing 127MM of the<U+FFFD><U+FFFD>es for the day The"
"123";355;"EITA     PETR4 abre em alta de +2    ";FALSE;4;NA;"2019-02-12 12:11:23";FALSE;NA;1095294293974138880;NA;"<a href=""https://about.twitter.com/products/tweetdeck"" rel=""nofollow"">TweetDeck</a>";"clubedopairico";0;FALSE;FALSE;NA;NA;"JEEZ PETR4 opens in high of 2 "
"124";356;"$PETR4    PETR4    LEILAO DE  PETROBRAS   PN      N2 ATE  10 05 00 HS ";FALSE;0;NA;"2019-02-12 12:01:59";FALSE;NA;1095291926515982336;NA;"<a href=""https://www.advfn.com"" rel=""nofollow"">ADVFN News Alert</a>";"welington_wem";0;FALSE;FALSE;NA;NA;"$PETR4 PETR4 AUCTION OF PETROBRAS PN N2 UP to 10 05 00 HS "
"125";367;"caraca   leilão de PETR4 nos R$25 20      que força absurda desse suporte nos R$24 70  hein       o O";FALSE;1;NA;"2019-02-12 11:59:48";FALSE;NA;1095291375317368832;NA;"<a href=""https://about.twitter.com/products/tweetdeck"" rel=""nofollow"">TweetDeck</a>";"clubedopairico";0;FALSE;FALSE;NA;NA;"whoa leil<U+FFFD>the PETR4 us$25 20 that is<U+FFFD>the absurd of this support in the$24 70 eh the The"
"126";368;"$PETR4  UBS ELEVA RECOMENDAÇÃO DA PETROBRAS PN PARA COMPRA  AUMENTA PREÇO ALVO DE R$26 PARA R$33";FALSE;29;NA;"2019-02-12 11:59:32";FALSE;NA;1095291311412953088;NA;"<a href=""http://twitter.com"" rel=""nofollow"">Twitter Web Client</a>";"tradersclubbr";3;FALSE;FALSE;NA;NA;"$PETR4 UBS RAISES RECOMMENDS<U+FFFD><U+FFFD>THE PETROBRAS PN FOR PURCHASE INCREASES PRE<U+FFFD>THE TARGET OF R$26 TO R$33"
"127";369;"$PETR4   PETROBRAS  PETR N2    Anuncio de Inicio Distribuicao Publica   12 02 19 ";FALSE;0;NA;"2019-02-12 11:39:30";FALSE;NA;1095286266604781568;NA;"<a href=""https://www.advfn.com"" rel=""nofollow"">ADVFN News Alert</a>";"EdenPolini";0;FALSE;FALSE;NA;NA;"$PETR4 PETROBRAS PETR N2 Announcement of the Beginning of Distribution Publishes 12 02 19 "
"128";381;"Petróleo Brasileiro S A    Petrobras  PBR  price at close  2019 02 11  is 15 32  ";FALSE;0;NA;"2019-02-12 08:01:13";FALSE;NA;1095231337546608640;NA;"<a href=""https://ifttt.com"" rel=""nofollow"">IFTTT</a>";"selusava";1;FALSE;FALSE;NA;NA;"Petr<U+FFFD>leo Brasileiro S A Petrobras PBR price at close 2019 02 11 s 15 32 "
"129";382;"Perspectivas para 12 02 2019 para IBOV  VALE3 e PETR4  O cenário de curto prazo continua com viés negativo  Embora  ";FALSE;2;NA;"2019-02-12 01:54:47";TRUE;NA;1095139117787172864;NA;"<a href=""https://mobile.twitter.com"" rel=""nofollow"">Twitter Web App</a>";"upsidepredictor";0;FALSE;FALSE;NA;NA;"Prospects for the 12-02 2019 to IBOV VALE3 and PETR4 THE cen<U+FFFD>river short term continues with vi<U+FFFD>s negative Though "
"130";386;"PETR4 testa suporte e está apetitosa para a venda     gráfico de ";FALSE;0;NA;"2019-02-11 22:53:25";FALSE;NA;1095093476771778560;NA;"<a href=""https://www.tradingview.com"" rel=""nofollow"">TradingView</a>";"PCTEDESCO";0;FALSE;FALSE;NA;NA;"PETR4 the forehead support and the est<U+FFFD> unappetizing for sale gr<U+FFFD>I "
"131";387;"Então   petr4 É mais barato mudar isso  não  ";FALSE;3;NA;"2019-02-11 22:52:25";FALSE;NA;1095093224824324096;NA;"<a href=""https://mobile.twitter.com"" rel=""nofollow"">Twitter Web App</a>";"SSQNS1";0;FALSE;FALSE;NA;NA;"Ent<U+FFFD>the petr4 <U+FFFD> cheaper to change that n<U+FFFD>the "
"132";389;"Do jeito que vai  nossas semanas irão começar apenas nas terças  Toda segunda feira é um problema  Cancelei meu pro  ";FALSE;0;NA;"2019-02-11 22:09:08";TRUE;NA;1095082335106727936;NA;"<a href=""http://twitter.com/download/android"" rel=""nofollow"">Twitter for Android</a>";"TradingInfos";0;FALSE;FALSE;NA;NA;"The way that will our weeks go<U+FFFD>the come<U+FFFD>air only in the have<U+FFFD>the Whole Monday <U+FFFD> a problem I Canceled my pro "
"133";391;"IBOV fechou em baixa de  0 98  aos 94 412 pts  próximo ao ponto de predição 5 de 94 506 pts  PETR4 fechou em baixa  ";FALSE;2;"upsidepredictor";"2019-02-11 20:53:34";TRUE;1094594350384852992;1095063315712225280;941426019692695552;"<a href=""https://mobile.twitter.com"" rel=""nofollow"">Twitter Web App</a>";"upsidepredictor";0;FALSE;FALSE;NA;NA;"IBOV had closed at a low of 0 98 to 94 412 pts pr<U+FFFD>the ml to the point of predi<U+FFFD><U+FFFD>5 94 506 pts PETR4 closed in low "
"134";392;"Ahhhh para    Que leilão foi esse dona PETR4    <U+0001F621><U+0001F621>";FALSE;7;NA;"2019-02-11 20:14:08";FALSE;NA;1095053392475578368;NA;"<a href=""http://twitter.com/download/iphone"" rel=""nofollow"">Twitter for iPhone</a>";"clubedopairico";0;FALSE;FALSE;NA;NA;"Ahhhh so That leil<U+FFFD>the this was dona PETR4 <U 0001F621><U 0001F621>"
"135";394;"Tá doido     Que briga é essa do suporte na PETR4       Foi a 6ª tentativa de romper e o bichinho tá lá  firme e fo  ";FALSE;10;NA;"2019-02-11 19:19:07";TRUE;NA;1095039545266110464;NA;"<a href=""http://twitter.com/download/iphone"" rel=""nofollow"">Twitter for iPhone</a>";"clubedopairico";0;FALSE;FALSE;NA;NA;"T<U+FFFD> crazy That fight <U+FFFD> this support in the PETR4 Was the 6<U+FFFD> attempt to break through and the thing t<U+FFFD> l<U+FFFD> firm and fo "
"136";395;"Bolsa fechando    SãoFebruary 11  2019 at 05 00PM";FALSE;0;NA;"2019-02-11 19:00:16";FALSE;NA;1095034802871455744;NA;"<a href=""https://ifttt.com"" rel=""nofollow"">IFTTT</a>";"selusava";0;FALSE;FALSE;NA;NA;"Bag closing S<U+FFFD>oFebruary 11 2019 at 05 00PM"
"137";396;"Muita gente  depreciando Abev3 por causa da Heineken  mas  o fato  é que a bichinha não nega fogo  Por outro lado  a petr4   ";FALSE;2;NA;"2019-02-11 18:44:00";FALSE;NA;1095030710937763840;NA;"<a href=""http://twitter.com"" rel=""nofollow"">Twitter Web Client</a>";"SSQNS1";0;FALSE;FALSE;NA;NA;"A lot of people dislike something Abev3 because of Heineken but the fact <U+FFFD> that the sissy n<U+FFFD>denies fire on the other side petr4 "
"138";397;"$PETR4   PETROBRAS  PETR N2    VM Posicao Individual  Cia Controladas e Coligadas  ";FALSE;0;NA;"2019-02-11 17:43:42";FALSE;NA;1095015533039235072;NA;"<a href=""https://www.advfn.com"" rel=""nofollow"">ADVFN News Alert</a>";"Carlos_Reis";0;FALSE;FALSE;NA;NA;"$PETR4 PETROBRAS PETR N2 VM Position Individual Cia Subsidiaries and Affiliates "
"139";403;"o mercado tá ressabiado      projeção de volume pra PETR4  38MM de ações     isso não é nada     a média baixa é 50MM de ações dia";FALSE;6;NA;"2019-02-11 16:05:19";FALSE;NA;1094990773655953408;NA;"<a href=""https://about.twitter.com/products/tweetdeck"" rel=""nofollow"">TweetDeck</a>";"clubedopairico";0;FALSE;FALSE;NA;NA;"the market t<U+FFFD> ressabiado proje<U+FFFD><U+FFFD>the volume for PETR4 38MM the<U+FFFD><U+FFFD>es this n<U+FFFD>the <U+FFFD> nothing to m<U+FFFD>day low <U+FFFD> 50MM of the<U+FFFD><U+FFFD>s day"
"140";404;"e essa é a PETR4      foi lá  furou  bateu nos R$24 54  e agora já tá nos R$24 80 de novo  Que suporte da porra    <U+0001F602><U+0001F602><U+0001F602>";FALSE;11;NA;"2019-02-11 15:58:35";FALSE;NA;1094989080058839040;NA;"<a href=""https://about.twitter.com/products/tweetdeck"" rel=""nofollow"">TweetDeck</a>";"clubedopairico";0;FALSE;FALSE;NA;NA;"and this <U+FFFD> the PETR4 was l<U+FFFD> bored hit us$24 to 54 and now j<U+FFFD> t<U+FFFD> us$24 80 new That support fucking <U 0001F602><U 0001F602><U 0001F602>"
"141";407;"R$24 74 agora   ";FALSE;1;"clubedopairico";"2019-02-11 14:40:41";FALSE;1094969018451152896;1094969476792176640;28547040;"<a href=""https://about.twitter.com/products/tweetdeck"" rel=""nofollow"">TweetDeck</a>";"clubedopairico";0;FALSE;FALSE;NA;NA;"R$24 74 now "
"142";408;"será que é região de suporte   será que tem briga aqui   ";FALSE;2;NA;"2019-02-11 14:34:51";FALSE;NA;1094968007527407616;NA;"<a href=""https://about.twitter.com/products/tweetdeck"" rel=""nofollow"">TweetDeck</a>";"clubedopairico";0;FALSE;FALSE;NA;NA;"be<U+FFFD> that <U+FFFD> regions<U+FFFD>the support be<U+FFFD> that you must fight here "
"143";409;"PETR4 renovando a mínima do dia     R$24 80 agora     DE OLHOOOOO";FALSE;1;NA;"2019-02-11 14:32:43";FALSE;NA;1094967473235988480;NA;"<a href=""https://about.twitter.com/products/tweetdeck"" rel=""nofollow"">TweetDeck</a>";"clubedopairico";0;FALSE;FALSE;NA;NA;"PETR4 renewing the m<U+FFFD>nima of the day$24 80 now OLHOOOOO"
"144";410;"olha a PETR4    olha a PETR4   ";FALSE;4;NA;"2019-02-11 14:31:28";FALSE;NA;1094967157350379520;NA;"<a href=""https://about.twitter.com/products/tweetdeck"" rel=""nofollow"">TweetDeck</a>";"clubedopairico";0;FALSE;FALSE;NA;NA;"look at the PETR4 looks PETR4 "
"145";412;"volume ridiculamente baixo      PETR4 projetando 34MM de ações  Ibovespa projetando R$9 4 bilhões  é MUUITO pouco";FALSE;8;NA;"2019-02-11 14:10:58";FALSE;NA;1094961996775260160;NA;"<a href=""https://about.twitter.com/products/tweetdeck"" rel=""nofollow"">TweetDeck</a>";"clubedopairico";0;FALSE;FALSE;NA;NA;"volume ridiculously low PETR4 designing 34MM of the<U+FFFD><U+FFFD>es Ibovespa designing R$9 4 bilh<U+FFFD>es <U+FFFD> SOOO little"
"146";413;"petróleo caindo mais de 1  e PETR4 nem tchum      marquecoza  ";FALSE;1;NA;"2019-02-11 14:03:52";FALSE;NA;1094960212816134144;NA;"<a href=""https://about.twitter.com/products/tweetdeck"" rel=""nofollow"">TweetDeck</a>";"clubedopairico";0;FALSE;FALSE;NA;NA;"petr<U+FFFD>leo falling more than 1 and PETR4 nem tchum marquecoza "
"147";415;"Razão PETR4 Brent abaixo da média de 50 dias pela primeira vez desde o início de outubro ";FALSE;13;NA;"2019-02-11 13:28:53";FALSE;NA;1094951408279932928;NA;"<a href=""http://twitter.com"" rel=""nofollow"">Twitter Web Client</a>";"magotrader";1;FALSE;FALSE;NA;NA;"Raz<U+FFFD>the PETR4 Brent below the m<U+FFFD>day of 50 days for the first time since the in<U+FFFD>cio October "
"148";416;"agora entendi porquê a PETR4 não tá desabando    não tá precisando equilibrar o  BOOM  da VALE3 que todos esperavam";FALSE;0;"clubedopairico";"2019-02-11 13:08:24";FALSE;1094946113847730176;1094946254335942656;28547040;"<a href=""https://about.twitter.com/products/tweetdeck"" rel=""nofollow"">TweetDeck</a>";"clubedopairico";0;FALSE;FALSE;NA;NA;"now I understand because you<U+FFFD> the PETR4 n<U+FFFD>the t<U+FFFD> collapsing n<U+FFFD>the t<U+FFFD> need to balance the BOOM VALE3 we had all hoped"
"149";418;"de olho em PETR4 se ela conseguir recuperar os R$25 00    ";FALSE;3;NA;"2019-02-11 12:49:44";FALSE;NA;1094941557235560448;NA;"<a href=""https://about.twitter.com/products/tweetdeck"" rel=""nofollow"">TweetDeck</a>";"clubedopairico";0;FALSE;FALSE;NA;NA;"eye PETR4 if she is able to recover the R$25 00 "
"150";419;"R$24 82 ";FALSE;0;"clubedopairico";"2019-02-11 12:27:43";FALSE;1094933838114025472;1094936013389156352;28547040;"<a href=""https://about.twitter.com/products/tweetdeck"" rel=""nofollow"">TweetDeck</a>";"clubedopairico";0;FALSE;FALSE;NA;NA;"R$24 82 "
"151";421;"e olha a PETR4 perdendo os R$25 00 de novo     R$24 70~R$24 80     here we go again  ";FALSE;1;NA;"2019-02-11 12:12:33";FALSE;NA;1094932198724124672;NA;"<a href=""https://about.twitter.com/products/tweetdeck"" rel=""nofollow"">TweetDeck</a>";"clubedopairico";0;FALSE;FALSE;NA;NA;"and look at the PETR4 losing the$25 00 new R$24 70~$24 80 here we go again "
"152";424;"Ship or Pay <U+0001F60E>";FALSE;5;NA;"2019-02-11 11:36:13";TRUE;NA;1094923055539859456;NA;"<a href=""http://twitter.com/download/iphone"" rel=""nofollow"">Twitter for iPhone</a>";"RossariPatricia";0;FALSE;FALSE;NA;NA;"Ship-or-Pay <U 0001F60E>"
"153";425;"Prepare se para o pregão de hoje  Análise   IBOV  WING19  WDOH19  PETR4  VALE3  IRBR3  GOLL4  ALUP11  RAIL3  RENT3  ";FALSE;0;NA;"2019-02-11 10:40:08";TRUE;NA;1094908938615705600;NA;"<a href=""https://www.hootsuite.com"" rel=""nofollow"">Hootsuite Inc.</a>";"daltonvieira";0;FALSE;FALSE;NA;NA;"Get ready for the carbonaceous<U+FFFD>today An<U+FFFD>lysis IBOV WING19 WDOH19 PETR4 VALE3 IRBR3 GOLL4 ALUP11 RAIL3 RENT3 "
"154";426;"$PETR4  Petrobras quer lançar cartão pré pago para gasolina  Globo   ";FALSE;17;NA;"2019-02-11 09:14:04";FALSE;NA;1094887282673438720;NA;"<a href=""http://twitter.com"" rel=""nofollow"">Twitter Web Client</a>";"tradersclubbr";1;FALSE;FALSE;NA;NA;"$PETR4 Petrobras wants to lan<U+FFFD>air cart<U+FFFD>the pr<U+FFFD> paid for gasoline Globe "
"155";431;"Comprou ";FALSE;0;NA;"2019-02-11 00:34:34";FALSE;NA;1094756542921011200;NA;"<a href=""http://twitter.com/download/iphone"" rel=""nofollow"">Twitter for iPhone</a>";"Vinicius1_Bsb";0;FALSE;FALSE;NA;NA;"Bought "
"156";436;"A partir de R$2 500 00 você trabalha perfeitamente com Opções de PETR4    <U+0001F603> ";FALSE;9;NA;"2019-02-10 21:35:06";FALSE;NA;1094711378881982464;NA;"<a href=""http://twitter.com/download/iphone"" rel=""nofollow"">Twitter for iPhone</a>";"clubedopairico";0;FALSE;FALSE;NA;NA;"From$2 500 00 you<U+FFFD> works perfectly with Op<U+FFFD><U+FFFD>(PETR4 <U 0001F603> "
"157";438;"E se os 100k não passarem apenas de uma ilusão neste momento   <U+0001F914>   BNDES ajudou a segurar a PETR4      ";FALSE;5;NA;"2019-02-10 20:25:16";FALSE;NA;1094693807835308032;NA;"<a href=""http://twitter.com/download/iphone"" rel=""nofollow"">Twitter for iPhone</a>";"clubedopairico";0;FALSE;FALSE;NA;NA;"And if the 100k n<U+FFFD>the spend only an illus<U+FFFD>at this time <U 0001F914> BNDES helped hold the PETR4 "
"158";441;"Estudo do Ibovespa  Petr4  Vale3  Goll4  Eqtl3  Vvar3  Rent3 e outros papéis   Finance News ";FALSE;2;NA;"2019-02-10 18:29:19";FALSE;NA;1094664624409071616;NA;"<a href=""http://twitter.com"" rel=""nofollow"">Twitter Web Client</a>";"LeiaFinanceNews";0;FALSE;FALSE;NA;NA;"Study of the Ibovespa Petr4 Vale3 Goll4 Eqtl3 Vvar3 Rent3 and other pap<U+FFFD>is Finance News "
"159";442;"Você acha que é uma boa comprar ações de PETR4    Vou fazer Análise de Investimentos nesse semestre  Quando eu pass  ";FALSE;3;NA;"2019-02-10 14:31:40";TRUE;NA;1094604821628358656;NA;"<a href=""https://curiouscat.me"" rel=""nofollow"">Curious Cat</a>";"andremgf_";0;FALSE;FALSE;NA;NA;"You<U+FFFD> think that <U+FFFD> a good buy<U+FFFD><U+FFFD>(PETR4 I'm going to make An<U+FFFD>lysis of Investments in this semester When I pass "
"160";445;"Projeções curtas geradas após o fechamento de sexta  Ibovespa com pontos iniciais projetando resistência faixa de 9  ";FALSE;3;NA;"2019-02-10 13:50:04";TRUE;NA;1094594350384852992;NA;"<a href=""https://mobile.twitter.com"" rel=""nofollow"">Twitter Web App</a>";"upsidepredictor";0;FALSE;FALSE;NA;NA;"Proje<U+FFFD><U+FFFD>es short generated ap<U+FFFD>s the closing of the sixth Ibovespa with initial points projecting resist<U+FFFD>of track 9 "
"161";447;"PETR4 forma um topo mais baixo que topo anterior   gráfico de ";FALSE;0;NA;"2019-02-10 13:22:01";FALSE;NA;1094587290008121344;NA;"<a href=""https://www.tradingview.com"" rel=""nofollow"">TradingView</a>";"PCTEDESCO";1;FALSE;FALSE;NA;NA;"PETR4 form a top lower than the top of the previous gr<U+FFFD>I "
